INSERT INTO questions (id, title, position, target_field) VALUES
        ('61ea096e-c00a-405d-a97b-95dbfdadd72a', 'Ваш возраст', 0, 'age'),
       ('c9471150-0cbb-4fd1-8d56-1e86205f2d3e', 'Выберите свою цель', 1, 'aim'),
        ('f7dd7bec-310e-4629-9c73-e010a04d37b1', 'Выберите какое тело Вы хотите', 2, 'body_type'),
        ('a2b698bb-86bd-488f-8ac7-ece94fc21bbb', 'Выберите Ваш тип телосложения', 3, 'desired_body'),
        ('bd905f1f-3919-487a-a2aa-2f1f610a13ca', 'Выберите % жира', 4, 'fat'),
        ('57bbe829-f6d7-44f4-b0fd-7cc322beeadf', 'Выберите зоны для проработки', 5, 'work_body'),
        ('4cb4cc42-fb93-4513-8d6c-1b3d86532f87', 'Следуете ли Вы плану питания', 6, 'meal_plan'),
        ('380885c1-29b3-4595-a8ad-1f8cb3b9b1f9', 'Как часто Вы едите/пьёте сладкую пищу/напитки', 7, 'junk_food'),
        ('447c936e-26b7-41d4-b8e6-559442dc6493', 'Сколько воды Вы пьёте ежедневно', 8, 'water'),
       ('eadee272-cb77-4274-8221-76f5a7ad3819', 'Укажите Ваш рост', 9, 'height'),
       ('ca52d246-7993-4f60-8178-1fbea47d4ad5', 'Укажите Ваш вес', 10, 'weight'),
        ('f0f0a8b6-5231-4bc0-8a80-b70d4c56de7b', 'Укажите желаемый вес', 11, 'desired_weight'),
        ('77fe492f-1043-4351-8037-d8df1850f34a', 'Ваш уровень подготовки', 12, 'training_level'),
        ('985e1544-efa1-4461-b042-76abe7593b4f', 'Каким видом спорта Вам нравится заниматься', 13, 'preferred_sport'),
        ('73622ed5-4ddb-4386-92d8-e33608b74340', 'Выберите дополнительные цели', 14, 'additional_aim'),
        ('f4945eac-e5d0-4bce-aebb-592d306acd39', 'Сколько раз Вы сможете отжаться', 15, 'press_up'),
        ('1aeb0db1-df66-4ba4-8544-9898b837c63d', 'Сколько раз Вы сможете подтянуться', 16, 'lifting'),
        ('d8a77baf-ebab-4574-afff-95049829e202', 'Где Вы хотите заниматься', 17, 'preferred_training_space'),
        ('e4d27665-1259-48f9-8837-948748cc9dc9', 'Какой инвентарь у Вас есть', 18, 'inventory'),
        ('30a2080d-5361-4d3b-9a7b-7f6f3e4260c0', 'Как часто Вы тренировались за последние 3 месяца', 19,'training_frequency'),
        ('b98bdde5-d7f1-4378-8984-6ae2446779e4', 'Сколько времени Вы хотите уделять тренировке', 20, 'time');

INSERT INTO answers (id, title, question_id) VALUES
         ('a06b497c-f3d9-4d4a-bac9-625e064f2ce3', '18-29', '61ea096e-c00a-405d-a97b-95dbfdadd72a'),
        ('26d67049-9fdc-4124-854c-7d93dfd2a97c', '30-39', '61ea096e-c00a-405d-a97b-95dbfdadd72a'),
        ('502f1959-fe41-4d11-95a1-0509588541a2', '40-49', '61ea096e-c00a-405d-a97b-95dbfdadd72a'),
        ('da0a2913-b0bc-4ac8-b9a3-b40e0921b142', '50+', '61ea096e-c00a-405d-a97b-95dbfdadd72a'),

       ('e79aaab5-8de1-436a-9ee3-d507db20aae6', 'Снизить вес', 'c9471150-0cbb-4fd1-8d56-1e86205f2d3e'),
       ('3ceda1b1-30cf-4235-9cac-5992592fa2bb', 'Набрать мышечную массу', 'c9471150-0cbb-4fd1-8d56-1e86205f2d3e'),
       ('9c064922-8930-45a8-a173-f8df72e15b5c', 'Проработать рельеф', 'c9471150-0cbb-4fd1-8d56-1e86205f2d3e'),

        ('1ff07269-5062-475c-aceb-f8a08274fb7c', 'Стройное', 'f7dd7bec-310e-4629-9c73-e010a04d37b1'),
        ('6061f5bb-6008-4c4c-b633-95eb31023746', 'Подсушенное', 'f7dd7bec-310e-4629-9c73-e010a04d37b1'),

        ('3ca6d556-00a1-48a4-9390-0afb4dd6e747', 'Эктоморф', 'a2b698bb-86bd-488f-8ac7-ece94fc21bbb'),
        ('b097ed9a-0979-4a5e-ba66-af5443142229', 'Мезоморф', 'a2b698bb-86bd-488f-8ac7-ece94fc21bbb'),
        ('881ddc65-4d00-46ea-8112-506e591f0782', 'Эндоморф', 'a2b698bb-86bd-488f-8ac7-ece94fc21bbb'),

        ('28995a81-86d3-4566-8cdc-ac1ff1f65e47', '5-9%', 'bd905f1f-3919-487a-a2aa-2f1f610a13ca'),
        ('908692d9-8fa7-4bcb-b1a8-7008022c0ef5', '10-14%', 'bd905f1f-3919-487a-a2aa-2f1f610a13ca'),
        ('9363feed-a070-401a-a71f-31683e87d055', '15-19%', 'bd905f1f-3919-487a-a2aa-2f1f610a13ca'),
        ('89b7ccf6-4c1a-4319-bcd7-8c2257b71792', '20-24%', 'bd905f1f-3919-487a-a2aa-2f1f610a13ca'),
        ('5f483b19-9f64-4c27-9e33-f91b3f1903d0', '25-29%', 'bd905f1f-3919-487a-a2aa-2f1f610a13ca'),
        ('3f283e54-1993-4305-99c3-e12a07d2a562', '30-34%', 'bd905f1f-3919-487a-a2aa-2f1f610a13ca'),
        ('526fdc91-b911-4bbf-b25c-7906e6d180c9', '35-39%', 'bd905f1f-3919-487a-a2aa-2f1f610a13ca'),
        ('733d070b-abe1-4aac-878c-7ff349b327c7', '40+ %', 'bd905f1f-3919-487a-a2aa-2f1f610a13ca'),

        ('9ef0fa62-cabc-4455-a796-1c4ba75fe78a', 'Массивная грудь', '57bbe829-f6d7-44f4-b0fd-7cc322beeadf'),
        ('9d6141b8-3b42-4216-bb37-405dfde1c45f', 'Объемные бицепс и плечи', '57bbe829-f6d7-44f4-b0fd-7cc322beeadf'),
        ('97b70ece-ff69-429a-9309-791413ba8531', 'Кубики пресса', '57bbe829-f6d7-44f4-b0fd-7cc322beeadf'),
        ('e74dba2b-8412-4b41-b95d-4708bf569ad5', 'Сильные ноги', '57bbe829-f6d7-44f4-b0fd-7cc322beeadf'),

        ('79a7e1d6-b77b-4d09-b7cb-cb7337f55e4d', 'Да', '4cb4cc42-fb93-4513-8d6c-1b3d86532f87'),
        ('64df699e-5719-40d4-8e65-fba2de44d5c1', 'Нет', '4cb4cc42-fb93-4513-8d6c-1b3d86532f87'),

        ('60a53f9e-a7e1-4a05-b701-f0558a679948', 'Не часто', '380885c1-29b3-4595-a8ad-1f8cb3b9b1f9'),
        ('98c9d565-dbc8-4981-b94e-159866eb7747', '3-5 раз в неделю', '380885c1-29b3-4595-a8ad-1f8cb3b9b1f9'),
        ('1449320a-2c21-46a6-ad77-22beb096d29a', 'Много/Каждый день', '380885c1-29b3-4595-a8ad-1f8cb3b9b1f9'),

        ('89ced78d-e8e0-40bf-9c34-827cde28b52b', 'Только кофе или чай', '447c936e-26b7-41d4-b8e6-559442dc6493'),
        ('226d9c3f-6968-4db0-b276-a166e6c657bb', 'Меньше 2 стаканов', '447c936e-26b7-41d4-b8e6-559442dc6493'),
        ('f599973a-a6a7-48ed-9f5a-452faa1b6ea5', '2-6 стаканов', '447c936e-26b7-41d4-b8e6-559442dc6493'),
        ('2c208746-676f-4e4f-8992-3983c40f4243', '7-10 стаканов', '447c936e-26b7-41d4-b8e6-559442dc6493'),
        ('1f54cc4d-5aa3-42d3-a3c7-2ec3e496df59', 'Больше 10', '447c936e-26b7-41d4-b8e6-559442dc6493'),

       ('6ad33569-9a8c-4297-abc4-fb3dc9f6f44e', '150-160 см', 'eadee272-cb77-4274-8221-76f5a7ad3819'),
       ('23f3cfb1-0389-4bf2-b53b-bbb68ae3ab77', '161-170 см', 'eadee272-cb77-4274-8221-76f5a7ad3819'),
       ('9a51f764-36f5-4295-ab7f-ec3bfa395529', '171-180 см', 'eadee272-cb77-4274-8221-76f5a7ad3819'),
       ('289876fc-c7a3-43dc-b898-06468d1c22d6', '181-190 см', 'eadee272-cb77-4274-8221-76f5a7ad3819'),
       ('006db604-8a10-4ce4-9726-99a123aeb2cd', '191-200 см', 'eadee272-cb77-4274-8221-76f5a7ad3819'),

       ('13fb6ef3-88ae-412e-9daf-f65d87149499', '50-60 кг', 'ca52d246-7993-4f60-8178-1fbea47d4ad5'),
       ('53ea5360-d51a-490b-b1d0-baccecfc039c', '61-70 кг', 'ca52d246-7993-4f60-8178-1fbea47d4ad5'),
       ('12775ebe-a1b0-42cf-8776-4b5f8d5212c8', '71-80 кг', 'ca52d246-7993-4f60-8178-1fbea47d4ad5'),
       ('875acd58-fa89-47bf-b3cf-8b94c71119e2', '81-90 кг', 'ca52d246-7993-4f60-8178-1fbea47d4ad5'),
       ('ec43cbd1-af56-47d0-860b-2caf6e01924f', '91-100 кг', 'ca52d246-7993-4f60-8178-1fbea47d4ad5'),

        ('1bbce015-dabe-4669-bcb2-a70cdf77d41c', '50-60 кг', 'f0f0a8b6-5231-4bc0-8a80-b70d4c56de7b'),
        ('4205c9e9-b44a-461a-a311-641d0a7580db', '61-70 кг', 'f0f0a8b6-5231-4bc0-8a80-b70d4c56de7b'),
        ('bf029d9e-e97f-4c5a-9869-14d9ef9b21e7', '71-80 кг', 'f0f0a8b6-5231-4bc0-8a80-b70d4c56de7b'),
        ('c65e9607-b4e6-4183-bcba-6aa81c720502', '81-90 кг', 'f0f0a8b6-5231-4bc0-8a80-b70d4c56de7b'),
        ('2123e2ae-8e25-4c76-8e7c-825340926035', '91-100 кг', 'f0f0a8b6-5231-4bc0-8a80-b70d4c56de7b'),

        ('2ad1b35e-1a29-4ba3-80d1-762bc174d675', '1', '77fe492f-1043-4351-8037-d8df1850f34a'),
        ('a22b7e4c-e27a-47f6-ab87-c808c26e6579', '2', '77fe492f-1043-4351-8037-d8df1850f34a'),
        ('116aa4cc-cd6b-48f1-9f96-72ccb45d286c', '3', '77fe492f-1043-4351-8037-d8df1850f34a'),
        ('dc081a99-3688-4461-a448-87e0bd979e4f', '4', '77fe492f-1043-4351-8037-d8df1850f34a'),
        ('673fe12d-c457-4a4f-9b8c-32639b8ba013', '5', '77fe492f-1043-4351-8037-d8df1850f34a'),
        ('8434ec9a-a521-4272-bfcf-20b60e0d3c08', '6', '77fe492f-1043-4351-8037-d8df1850f34a'),
        ('8af7e6e2-a0e0-4cb5-81c3-76e80a04cf95', '7', '77fe492f-1043-4351-8037-d8df1850f34a'),
        ('736ca22e-bc67-4735-9f71-091add8f4d99', '8', '77fe492f-1043-4351-8037-d8df1850f34a'),
        ('e8918516-9dc7-4a87-82bf-22bf1063a709', '9', '77fe492f-1043-4351-8037-d8df1850f34a'),
        ('3faf6e2f-51c4-4e46-a1ef-11fe3e10a12a', '10', '77fe492f-1043-4351-8037-d8df1850f34a'),

        ('f738bab1-f9e0-4de2-bf90-ed922a10f527', 'Тренировки в зале', '985e1544-efa1-4461-b042-76abe7593b4f'),
        ('261eb1aa-8397-4333-990e-b1412426471e', 'Тренировки дома', '985e1544-efa1-4461-b042-76abe7593b4f'),
        ('e8af317c-1ad0-4782-bdfd-cdcf2d216724', 'Бокс', '985e1544-efa1-4461-b042-76abe7593b4f'),
        ('7c766518-db99-4a9b-8d87-5d61aaecf0e6', 'Боевые искусства', '985e1544-efa1-4461-b042-76abe7593b4f'),
        ('7839ab0e-c87f-498d-892b-f0763c42864a', 'Бег', '985e1544-efa1-4461-b042-76abe7593b4f'),
        ('1309c46c-7ee2-452b-9463-0d4304b314c9', 'Ни один из перечисленных', '985e1544-efa1-4461-b042-76abe7593b4f'),

        ('339e9d63-15f0-4320-a8b1-b8b0d10b1790', 'Улучшить сон', '73622ed5-4ddb-4386-92d8-e33608b74340'),
        ('6dc43b1a-468b-4fd9-b5e6-607d8a2855a7', 'Сформировать полезные привычки','73622ed5-4ddb-4386-92d8-e33608b74340'),
        ('47d8861c-3ca4-4ce0-a89d-6d275778d125', 'Усилить самодисциплину', '73622ed5-4ddb-4386-92d8-e33608b74340'),
        ('dde0082d-473d-4ad5-ad17-bcdb45661f6f', 'Улучшить здоровье', '73622ed5-4ddb-4386-92d8-e33608b74340'),
        ('fd517fd1-7f3f-4ccf-b1c9-f5c6815d469c', 'Снизить стресс', '73622ed5-4ddb-4386-92d8-e33608b74340'),
        ('2ca27374-3c73-4aac-ae24-0e7b5f282862', 'Ничего из перечисленного', '73622ed5-4ddb-4386-92d8-e33608b74340'),

        ('54c25a13-31b3-48e3-90d0-797a49d3476e', 'Меньше 10', 'f4945eac-e5d0-4bce-aebb-592d306acd39'),
        ('ae341ed3-7d6e-41f1-8588-63bcf506e602', '10-20', 'f4945eac-e5d0-4bce-aebb-592d306acd39'),
        ('2be804cc-85ec-4b53-b824-caf294d56ada', '20-30', 'f4945eac-e5d0-4bce-aebb-592d306acd39'),
        ('6b94485a-cf25-4420-b1aa-63150df861d4', 'Больше 30', 'f4945eac-e5d0-4bce-aebb-592d306acd39'),

        ('0f6b6dff-68de-43f8-b52d-e4abb54adcad', 'Ни разу', '1aeb0db1-df66-4ba4-8544-9898b837c63d'),
        ('8907afce-7933-4cac-a788-6a2c6c09c13d', 'Меньше 5', '1aeb0db1-df66-4ba4-8544-9898b837c63d'),
        ('ffce8f8b-f2c9-48ad-b801-579b5059be5c', '5-10', '1aeb0db1-df66-4ba4-8544-9898b837c63d'),
        ('5288b4e0-1b9a-47bd-b346-a7d763b03206', 'Больше 10', '1aeb0db1-df66-4ba4-8544-9898b837c63d'),

        ('a7248edc-e40b-4b32-8134-84b904b85ea8', 'Дом', 'd8a77baf-ebab-4574-afff-95049829e202'),
        ('8bde9b66-9447-40c7-a942-ce2d29db8441', 'Зал', 'd8a77baf-ebab-4574-afff-95049829e202'),
        ('37b46a6c-28aa-4302-8a94-d32b739db033', 'Оба варианта', 'd8a77baf-ebab-4574-afff-95049829e202'),

        ('61768192-c270-4ad9-a72f-4aadbd76a141', 'Нет инвентаря', 'e4d27665-1259-48f9-8837-948748cc9dc9'),
        ('a2dd767f-0856-4373-b36b-ad095964ab85', 'Есть основной инвентарь', 'e4d27665-1259-48f9-8837-948748cc9dc9'),
        ('371bf5dd-e3cf-4d1f-9dc6-deea5889426c', 'Есть инвентарь и оборудование','e4d27665-1259-48f9-8837-948748cc9dc9'),

        ('a7ccb5b1-92e8-43f2-ade0-d3652cae3e1b', 'Совсем не тренировался', '30a2080d-5361-4d3b-9a7b-7f6f3e4260c0'),
        ('24d7c2f9-74f2-4b79-92d0-fdf80f028e23', '1-2 раза в неделю', '30a2080d-5361-4d3b-9a7b-7f6f3e4260c0'),
        ('7525e20e-cfb1-452d-a9d5-8c9f694443d5', '3 разаа в неделю', '30a2080d-5361-4d3b-9a7b-7f6f3e4260c0'),
        ('17917ce2-2404-4faf-8c7d-fc5245d870eb', 'Больше 3-х раз в неделю', '30a2080d-5361-4d3b-9a7b-7f6f3e4260c0'),

        ('3aa3fa09-984a-4694-a0c5-615cc1d520b1', '30 минут', 'b98bdde5-d7f1-4378-8984-6ae2446779e4'),
        ('45aa6269-2a45-4e22-8ca9-5b09c08ea77b', '45 минут', 'b98bdde5-d7f1-4378-8984-6ae2446779e4'),
        ('6db268e8-d087-4d12-a6e4-134ad6a14458', '60 минут ', 'b98bdde5-d7f1-4378-8984-6ae2446779e4');

INSERT INTO workout_plans (id, name) VALUES
     ('25d2f5e8-19b5-487b-8cb5-713bb4bfc6ab', '🏃‍♂️ ПЛАН ТРЕНИРОВОК ДЛЯ ПОХУДЕНИЯ (3 дня/неделю)'),
     ('21a6db2d-e773-4115-b537-cc7cf420410c', '💪 ПЛАН ТРЕНИРОВОК ДЛЯ НАБОРА МАССЫ (3 дня/неделю)'),
     ('cd1e9f89-dda7-40f8-b95e-0260e92ac580', '🔥 ПЛАН ТРЕНИРОВОК ДЛЯ РЕЛЬЕФА (4 дня/неделю)');

INSERT INTO workouts (id, day_number, workout_plan_id, description) VALUES
    ('ecc402b6-0b0e-474a-9079-5901e7b647f4', 0, '25d2f5e8-19b5-487b-8cb5-713bb4bfc6ab',
     '📅 День 1: Кардио + Ноги
            • Бег/велотренажер - 20-30 мин
            • Приседания: 3х15-20
            • Выпады: 3х12 на каждую ногу
            • Жим ногами: 3х15
            • Подъемы на носки: 3х20'),
    ('9db49ae8-ba13-4352-ba3f-e7219f4efe96', 1, '25d2f5e8-19b5-487b-8cb5-713bb4bfc6ab',
     '📅 📅 День 2: Верх тела + Кардио
            • Горизонтальная тяга: 3х12-15
            • Жим гантелей: 3х12-15
            • Отжимания: 3хмакс
            • Планка: 3х30-60 сек
            • Кардио: 15-20 мин'),
    ('9aebf5d0-8824-4a01-a447-10ee4c208e80', 2, '25d2f5e8-19b5-487b-8cb5-713bb4bfc6ab',
     '📅 День 3: Интервальное кардио + Круговая
            • ВИИТ: 20 сек работа/10 сек отдых (8 циклов)
            • Берпи: 3х10
            • Прыжки на скакалке: 3х1 мин
            • Скручивания: 3х20'),

    ('08d2a72d-8504-4a4d-879f-66161cf64f5d', 0, '21a6db2d-e773-4115-b537-cc7cf420410c',
     '📅 День 1: Грудь + Трицепс
            • Жим штанги лежа: 4х8-12
            • Жим гантелей на наклонной: 3х10-12
            • Разведения гантелей: 3х12-15
            • Французский жим: 3х10-12
            • Отжимания на брусьях: 3хмакс'),
    ('76c59e64-0391-4864-bcdf-e17a0486f5a6', 1, '21a6db2d-e773-4115-b537-cc7cf420410c',
     '📅 День 2: Спина + Бицепс
            • Подтягивания: 4х макс
            • Тяга штанги в наклоне: 4х8-12
            • Тяга гантели: 3х10-12
            • Подъем штанги на бицепс: 3х10-12
            • Молотки: 3х12-15'),
    ('f3966a87-b636-476d-b44e-b15481241751', 2, '21a6db2d-e773-4115-b537-cc7cf420410c',
     '📅 День 3: Ноги + Плечи
            • Приседания со штангой: 4х8-12
            • Жим ногами: 3х10-12
            • Сгибания ног: 3х12-15
            • Жим штанги стоя: 4х8-12
            • Махи гантелями в стороны: 3х12-15'),

    ('11c227c9-5fac-4f65-96f6-217eace1f4f8', 0, 'cd1e9f89-dda7-40f8-b95e-0260e92ac580',
     '📅 День 1: Верх тела (тяги)
            • Подтягивания: 4х10-15
            • Тяга верхнего блока: 3х12-15
            • Тяга горизонтального блока: 3х12-15
            • Тяга штанги к подбородку: 3х15-20
            • Кардио: 20-25 мин'),
    ('9a28a90a-0ae0-4702-8d5b-300e01ee2abb', 1, 'cd1e9f89-dda7-40f8-b95e-0260e92ac580',
     '📅 День 2: Ниж тела
            • Приседания с гантелями: 4х15-20
            • Выпады: 3х15 на каждую ногу
            • Ягодичный мостик: 3х20
            • Разведения ног: 3х20
            • Кардио: 20-25 мин'),
    ('d2f62e57-b9f0-4465-bb1d-1d5476ce7810', 2, 'cd1e9f89-dda7-40f8-b95e-0260e92ac580',
     '📅 День 3: Верх тела (жимы)
            • Жим гантелей: 4х15-20
            • Отжимания: 3х макс
            • Разведения гантелей: 3х15-20
            • Пуловер: 3х15
            • Кардио: 20-25 мин'),
    ('68a0b610-7327-46e7-a205-f44f0cb5c8cb', 3, 'cd1e9f89-dda7-40f8-b95e-0260e92ac580',
     '📅 День 4: Круговая + Пресс
            • Берпи: 30 сек / 15 сек отдых
            • Планка: 45-60 сек
            • Русские скручивания: 3х20
            • Подъем ног: 3х15-20
            • Кардио: 25-30 мин');
