INSERT INTO questions (id, title, position, target_field)
VALUES ('c9471150-0cbb-4fd1-8d56-1e86205f2d3e', 'Выберите свою цель', 0, 'aim'),
       ('eadee272-cb77-4274-8221-76f5a7ad3819', 'Укажите Ваш рост', 1, 'height'),
       ('ca52d246-7993-4f60-8178-1fbea47d4ad5', 'Укажите Ваш вес', 2, 'weight'),
       ('61ea096e-c00a-405d-a97b-95dbfdadd72a', 'Ваш возраст', 3, 'age');

INSERT INTO answers (id, title, question_id)
VALUES ('e79aaab5-8de1-436a-9ee3-d507db20aae6', 'Снизить вес', 'c9471150-0cbb-4fd1-8d56-1e86205f2d3e'),
       ('3ceda1b1-30cf-4235-9cac-5992592fa2bb', 'Набрать мышечную массу', 'c9471150-0cbb-4fd1-8d56-1e86205f2d3e'),
       ('9c064922-8930-45a8-a173-f8df72e15b5c', 'Проработать рельеф', 'c9471150-0cbb-4fd1-8d56-1e86205f2d3e'),

       ('6ad33569-9a8c-4297-abc4-fb3dc9f6f44e', '150-160 см', 'eadee272-cb77-4274-8221-76f5a7ad3819'),
       ('23f3cfb1-0389-4bf2-b53b-bbb68ae3ab77', '161-170 см', 'eadee272-cb77-4274-8221-76f5a7ad3819'),
       ('9a51f764-36f5-4295-ab7f-ec3bfa395529', '171-180 см', 'eadee272-cb77-4274-8221-76f5a7ad3819'),
       ('289876fc-c7a3-43dc-b898-06468d1c22d6', '181-190 см', 'eadee272-cb77-4274-8221-76f5a7ad3819'),
       ('006db604-8a10-4ce4-9726-99a123aeb2cd', '191-200 см', 'eadee272-cb77-4274-8221-76f5a7ad3819'),

       ('13fb6ef3-88ae-412e-9daf-f65d87149499', '50-60 кг', 'ca52d246-7993-4f60-8178-1fbea47d4ad5'),
       ('53ea5360-d51a-490b-b1d0-baccecfc039c', '61-70 кг', 'ca52d246-7993-4f60-8178-1fbea47d4ad5'),
       ('12775ebe-a1b0-42cf-8776-4b5f8d5212c8', '71-80 кг', 'ca52d246-7993-4f60-8178-1fbea47d4ad5'),
       ('875acd58-fa89-47bf-b3cf-8b94c71119e2', '81-90 кг', 'ca52d246-7993-4f60-8178-1fbea47d4ad5'),
       ('ec43cbd1-af56-47d0-860b-2caf6e01924f', '91-100 кг', 'ca52d246-7993-4f60-8178-1fbea47d4ad5'),

       ('a06b497c-f3d9-4d4a-bac9-625e064f2ce3', '18-29', '61ea096e-c00a-405d-a97b-95dbfdadd72a'),
       ('26d67049-9fdc-4124-854c-7d93dfd2a97c', '30-39', '61ea096e-c00a-405d-a97b-95dbfdadd72a'),
       ('502f1959-fe41-4d11-95a1-0509588541a2', '40-49', '61ea096e-c00a-405d-a97b-95dbfdadd72a'),
       ('da0a2913-b0bc-4ac8-b9a3-b40e0921b142', '50+', '61ea096e-c00a-405d-a97b-95dbfdadd72a');

INSERT INTO workout_plans (id, name)
VALUES ('25d2f5e8-19b5-487b-8cb5-713bb4bfc6ab', '🏃‍♂️ ПЛАН ТРЕНИРОВОК ДЛЯ ПОХУДЕНИЯ (3 дня/неделю)'),
       ('21a6db2d-e773-4115-b537-cc7cf420410c', '💪 ПЛАН ТРЕНИРОВОК ДЛЯ НАБОРА МАССЫ (3 дня/неделю)'),
       ('cd1e9f89-dda7-40f8-b95e-0260e92ac580', '🔥 ПЛАН ТРЕНИРОВОК ДЛЯ РЕЛЬЕФА (4 дня/неделю)');

INSERT INTO workouts (id, day_number, workout_plan_id, description)
VALUES ('ecc402b6-0b0e-474a-9079-5901e7b647f4', 0, '25d2f5e8-19b5-487b-8cb5-713bb4bfc6ab',
        '📅 День 1: Кардио + Ноги
               • Бег/велотренажер - 20-30 мин
               • Приседания: 3х15-20
               • Выпады: 3х12 на каждую ногу
               • Жим ногами: 3х15
               • Подъемы на носки: 3х20'),
       ('9db49ae8-ba13-4352-ba3f-e7219f4efe96', 1, '25d2f5e8-19b5-487b-8cb5-713bb4bfc6ab',
        '📅 День 2: Верх тела + Кардио
               • Горизонтальная тяга: 3х12-15
               • Жим гантелей: 3х12-15
               • Отжимания: 3хмакс
               • Планка: 3х30-60 сек
               • Кардио: 15-20 мин'),
       ('9aebf5d0-8824-4a01-a447-10ee4c208e80', 2, '25d2f5e8-19b5-487b-8cb5-713bb4bfc6ab',
        '📅 День 3: Интервальное кардио + Круговая
               • ВИИТ: 20 сек работа/10 сек отдых (8 циклов)
               • Берпи: 3х10
               • Прыжки на скакалке: 3х1 мин
               • Скручивания: 3х20'),

       ('08d2a72d-8504-4a4d-879f-66161cf64f5d', 0, '21a6db2d-e773-4115-b537-cc7cf420410c',
        '📅 День 1: Грудь + Трицепс
               • Жим штанги лежа: 4х8-12
               • Жим гантелей на наклонной: 3х10-12
               • Разведения гантелей: 3х12-15
               • Французский жим: 3х10-12
               • Отжимания на брусьях: 3хмакс'),
       ('76c59e64-0391-4864-bcdf-e17a0486f5a6', 1, '21a6db2d-e773-4115-b537-cc7cf420410c',
        '📅 День 2: Спина + Бицепс
               • Подтягивания: 4х макс
               • Тяга штанги в наклоне: 4х8-12
               • Тяга гантели: 3х10-12
               • Подъем штанги на бицепс: 3х10-12
               • Молотки: 3х12-15'),
       ('f3966a87-b636-476d-b44e-b15481241751', 2, '21a6db2d-e773-4115-b537-cc7cf420410c',
        '📅 День 3: Ноги + Плечи
               • Приседания со штангой: 4х8-12
               • Жим ногами: 3х10-12
               • Сгибания ног: 3х12-15
               • Жим штанги стоя: 4х8-12
               • Махи гантелями в стороны: 3х12-15'),

       ('11c227c9-5fac-4f65-96f6-217eace1f4f8', 0, 'cd1e9f89-dda7-40f8-b95e-0260e92ac580',
        '📅 День 1: Верх тела (тяги)
               • Подтягивания: 4х10-15
               • Тяга верхнего блока: 3х12-15
               • Тяга горизонтального блока: 3х12-15
               • Тяга штанги к подбородку: 3х15-20
               • Кардио: 20-25 мин'),
       ('9a28a90a-0ae0-4702-8d5b-300e01ee2abb', 1, 'cd1e9f89-dda7-40f8-b95e-0260e92ac580',
        '📅 День 2: Ниж тела
               • Приседания с гантелями: 4х15-20
               • Выпады: 3х15 на каждую ногу
               • Ягодичный мостик: 3х20
               • Разведения ног: 3х20
               • Кардио: 20-25 мин'),
       ('d2f62e57-b9f0-4465-bb1d-1d5476ce7810', 2, 'cd1e9f89-dda7-40f8-b95e-0260e92ac580',
        '📅 День 3: Верх тела (жимы)
               • Жим гантелей: 4х15-20
               • Отжимания: 3х макс
               • Разведения гантелей: 3х15-20
               • Пуловер: 3х15
               • Кардио: 20-25 мин'),
       ('68a0b610-7327-46e7-a205-f44f0cb5c8cb', 3, 'cd1e9f89-dda7-40f8-b95e-0260e92ac580',
        '📅 День 4: Круговая + Пресс
               • Берпи: 30 сек / 15 сек отдых
               • Планка: 45-60 сек
               • Русские скручивания: 3х20
               • Подъем ног: 3х15-20
               • Кардио: 25-30 мин');

INSERT INTO users (id, telegram_chat_id, current_question_index, survey_status, role, password)
VALUES ('550e8400-e29b-41d4-a716-446655440000',
        '735765776',
        0,
        'NOT_STARTED',
        'ROLE_ADMIN',
        '$2a$10$4yvZxpZj2ESbdiJZwVuHU.LLXoi3m5Fndg165EWBpZJrr/OyVl8f2');
INSERT INTO outbox_events (type, payload, status)
VALUES ('CLEAN_EXPIRED_SESSIONS',
        NULL,
        'NEW');